movie_name,message_id,channel_id
Mandala Murders,6,-1003181705395
Mandala Murders,7,-1003181705395
Mandala Murders,8,-1003181705395
Zebra,21,-1003181705395
Zebra,23,-1003181705395
Zebra,24,-1003181705395
Show Time,26,-1003181705395
Show Time,27,-1003181705395
Show Time,28,-1003181705395
Bachhala Malli,30,-1003181705395
Bachhala Malli,31,-1003181705395
Rangeen,33,-1003181705395
Rangeen,34,-1003181705395
Rangeen,35,-1003181705395
Seesaw,43,-1003181705395
Seesaw,44,-1003181705395
Seesaw,45,-1003181705395
Narivetta,47,-1003181705395
Narivetta,48,-1003181705395
Narivetta,49,-1003181705395
Narivetta,50,-1003181705395
Pechi,52,-1003181705395
Pechi,53,-1003181705395
Pechi,54,-1003181705395
Pechi,55,-1003181705395
Gurthunda Seethakalam,57,-1003181705395
Gurthunda Seethakalam,58,-1003181705395
Gurthunda Seethakalam,59,-1003181705395
Gurthunda Seethakalam,60,-1003181705395
Fear,62,-1003181705395
Fear,63,-1003181705395
Fear,64,-1003181705395
Fear,65,-1003181705395
Revenge,70,-1003181705395
Revenge,71,-1003181705395
Revenge,72,-1003181705395
Revenge,73,-1003181705395
Kuladalli Keelyavudo,75,-1003181705395
Kuladalli Keelyavudo,76,-1003181705395
Kuladalli Keelyavudo,77,-1003181705395
Kuladalli Keelyavudo,78,-1003181705395
DNA,79,-1003181705395
DNA,80,-1003181705395
DNA,81,-1003181705395
DNA,82,-1003181705395
Moonwalk,86,-1003181705395
Moonwalk,87,-1003181705395
Moonwalk,88,-1003181705395
Robinhood,90,-1003181705395
Robinhood,91,-1003181705395
Robinhood,92,-1003181705395
Thug Life,95,-1003181705395
Thug Life,96,-1003181705395
Thug Life,97,-1003181705395
Thug Life,98,-1003181705395
Ek Chatur Naar Chathuram,100,-1003181705395
Ek Chatur Naar Chathuram,101,-1003181705395
Ek Chatur Naar Chathuram,102,-1003181705395
Ace,104,-1003181705395
Ace,105,-1003181705395
Ace,106,-1003181705395
Odela Railway Station,108,-1003181705395
Odela Railway Station,109,-1003181705395
Odela Railway Station,110,-1003181705395
Odela Railway Station,111,-1003181705395
Odela 2,114,-1003181705395
Odela 2,115,-1003181705395
Odela 2,116,-1003181705395
Odela 2,117,-1003181705395
Sarzameen,119,-1003181705395
Sarzameen,120,-1003181705395
Sarzameen,121,-1003181705395
Sarzameen,122,-1003181705395
Demonte Colony,124,-1003181705395
Demonte Colony,127,-1003181705395
Demonte Colony,128,-1003181705395
Demonte Colony 2,130,-1003181705395
Demonte Colony 2,131,-1003181705395
Demonte Colony 2,132,-1003181705395
Bhaag Milkha Bhaag,135,-1003181705395
Bhaag Milkha Bhaag,136,-1003181705395
Squid Game Season 1,140,-1003181705395
Squid Game Season 1,141,-1003181705395
Squid Game Season 1,142,-1003181705395
Squid Game Season 1,143,-1003181705395
Squid Game Season 2,145,-1003181705395
Squid Game Season 2,147,-1003181705395
Squid Game Season 2,148,-1003181705395
Squid Game Season 2,150,-1003181705395
Squid Game Season 3,152,-1003181705395
Squid Game Season 3,153,-1003181705395
Squid Game Season 3,154,-1003181705395
Squid Game Season 3,155,-1003181705395
Squid Game Season 3,156,-1003181705395
Maranamass,158,-1003181705395
Maranamass,159,-1003181705395
Maranamass,160,-1003181705395
Eagle,162,-1003181705395
Eagle,163,-1003181705395
Bhool Chuk Maaf,165,-1003181705395
Bhool Chuk Maaf,166,-1003181705395
Bhool Chuk Maaf,167,-1003181705395
Single,169,-1003181705395
Single,170,-1003181705395
Single,171,-1003181705395
Gram Chikitsalay Season 1,173,-1003181705395
Gram Chikitsalay Season 1,174,-1003181705395
Gram Chikitsalay Season 1,175,-1003181705395
Gram Chikitsalay Season 1,176,-1003181705395
Gram Chikitsalay Season 1,177,-1003181705395
Pravinkoodu Shappu,179,-1003181705395
Pravinkoodu Shappu,180,-1003181705395
Pravinkoodu Shappu,181,-1003181705395
Rana Naidu Season 1,183,-1003181705395
Rana Naidu Season 1,184,-1003181705395
Rana Naidu Season 1,185,-1003181705395
Rana Naidu Season 1,186,-1003181705395
Rana Naidu Season 2,188,-1003181705395
Rana Naidu Season 2,189,-1003181705395
Rana Naidu Season 2,190,-1003181705395
Rana Naidu Season 2,191,-1003181705395
Rana Naidu Season 2,192,-1003181705395
Rana Naidu Season 2,193,-1003181705395
Rana Naidu Season 2,194,-1003181705395
Rana Naidu Season 2,195,-1003181705395
Dharmaveer Mukkam Post Thane 2022,197,-1003181705395
Dharmaveer Mukkam Post Thane 2022,198,-1003181705395
Dharmaveer Mukkam Post Thane 2024,200,-1003181705395
Dharmaveer Mukkam Post Thane 2024,201,-1003181705395
Dharmaveer Mukkam Post Thane 2024,202,-1003181705395
Constable Girpade Season 1,204,-1003181705395
Jackpot,206,-1003181705395
Jackpot,207,-1003181705395
Kannappa,209,-1003181705395
Kannappa,210,-1003181705395
Kannappa,211,-1003181705395
Kannappa,212,-1003181705395
The Bhootnii,214,-1003181705395
The Bhootnii,215,-1003181705395
The Bhootnii,216,-1003181705395
The Bhootnii,217,-1003181705395
Panchayat Season 1 2020,219,-1003181705395
Panchayat Season 1 2020,220,-1003181705395
Panchayat Season 1 2020,221,-1003181705395
Panchayat Season 1 2020,222,-1003181705395
Panchayat Season 1 2020,223,-1003181705395
Panchayat Season 1 2020,224,-1003181705395
Panchayat Season 1 2020,225,-1003181705395
Panchayat Season 1 2020,226,-1003181705395
Panchayat Season 2 2022,229,-1003181705395
Panchayat Season 2 2022,230,-1003181705395
Panchayat Season 2 2022,231,-1003181705395
Panchayat Season 2 2022,233,-1003181705395
Panchayat Season 2 2022,234,-1003181705395
Panchayat Season 2 2022,235,-1003181705395
Panchayat Season 2 2022,236,-1003181705395
Panchayat Season 2 2022,237,-1003181705395
Panchayat Season 3 2024,239,-1003181705395
Panchayat Season 3 2024,240,-1003181705395
Panchayat Season 3 2024,241,-1003181705395
Panchayat Season 3 2024,242,-1003181705395
Panchayat Season 3 2024,243,-1003181705395
Panchayat Season 3 2024,244,-1003181705395
Panchayat Season 3 2024,245,-1003181705395
Panchayat Season 3 2024,246,-1003181705395
Panchayat Season 4 2025,248,-1003181705395
Panchayat Season 4 2025,249,-1003181705395
Panchayat Season 4 2025,250,-1003181705395
Panchayat Season 4 2025,251,-1003181705395
Panchayat Season 4 2025,252,-1003181705395
Panchayat Season 4 2025,253,-1003181705395
Panchayat Season 4 2025,254,-1003181705395
Panchayat Season 4 2025,255,-1003181705395
Stranger Things Season 1,258,-1003181705395
Stranger Things Season 1,259,-1003181705395
Stranger Things Season 1,260,-1003181705395
Stranger Things Season 1,261,-1003181705395
Stranger Things Season 1,262,-1003181705395
Stranger Things Season 1,263,-1003181705395
Stranger Things Season 1,264,-1003181705395
Stranger Things Season 1,265,-1003181705395
Stranger Things Season 2,267,-1003181705395
Stranger Things Season 2,268,-1003181705395
Stranger Things Season 2,269,-1003181705395
Stranger Things Season 2,270,-1003181705395
Stranger Things Season 2,271,-1003181705395
Stranger Things Season 2,272,-1003181705395
Stranger Things Season 2,273,-1003181705395
Stranger Things Season 2,274,-1003181705395
Stranger Things Season 2,275,-1003181705395
Stranger Things Season 3,277,-1003181705395
Stranger Things Season 3,278,-1003181705395
Stranger Things Season 3,279,-1003181705395
Stranger Things Season 3,280,-1003181705395
Stranger Things Season 3,281,-1003181705395
Stranger Things Season 3,282,-1003181705395
Stranger Things Season 3,283,-1003181705395
Stranger Things Season 3,284,-1003181705395
Stranger Things Season 4,286,-1003181705395
Stranger Things Season 4,287,-1003181705395
Stranger Things Season 4,288,-1003181705395
Stranger Things Season 4,289,-1003181705395
Stranger Things Season 4,290,-1003181705395
Stranger Things Season 4,291,-1003181705395
Stranger Things Season 4,292,-1003181705395
Stranger Things Season 4,293,-1003181705395
Stranger Things Season 4,294,-1003181705395
1000 Babies Season 1,297,-1003181705395
1000 Babies Season 1,298,-1003181705395
1000 Babies Season 1,299,-1003181705395
1000 Babies Season 1,300,-1003181705395
1000 Babies Season 1,301,-1003181705395
1000 Babies Season 1,302,-1003181705395
1000 Babies Season 1,303,-1003181705395
Marco,305,-1003181705395
Marco,306,-1003181705395
Marco,307,-1003181705395
Marco,308,-1003181705395
Saiyaara,310,-1003181705395
Saiyaara,311,-1003181705395
Saiyaara,312,-1003181705395
Saiyaara,313,-1003181705395
Saiyaara,314,-1003181705395
Mirzapur Season 1,318,-1003181705395
Mirzapur Season 1,319,-1003181705395
Mirzapur Season 1,320,-1003181705395
Mirzapur Season 1,321,-1003181705395
Mirzapur Season 1,322,-1003181705395
Mirzapur Season 1,323,-1003181705395
Mirzapur Season 1,324,-1003181705395
Mirzapur Season 1,325,-1003181705395
Mirzapur Season 1,326,-1003181705395
Mirzapur Season 2,328,-1003181705395
Mirzapur Season 2,329,-1003181705395
Mirzapur Season 2,330,-1003181705395
Mirzapur Season 2,331,-1003181705395
Mirzapur Season 2,332,-1003181705395
Mirzapur Season 2,333,-1003181705395
Mirzapur Season 2,334,-1003181705395
Mirzapur Season 2,335,-1003181705395
Mirzapur Season 2,336,-1003181705395
Mirzapur Season 2,337,-1003181705395
Mirzapur Season 3,339,-1003181705395
Mirzapur Season 3,340,-1003181705395
Mirzapur Season 3,341,-1003181705395
Mirzapur Season 3,342,-1003181705395
Mirzapur Season 3,343,-1003181705395
Mirzapur Season 3,344,-1003181705395
Mirzapur Season 3,345,-1003181705395
Mirzapur Season 3,346,-1003181705395
Mirzapur Season 3,347,-1003181705395
Mirzapur Season 3,348,-1003181705395
Baadshaho,350,-1003181705395
Baadshaho,351,-1003181705395
Baadshaho,352,-1003181705395
Baadshaho,356,-1003181705395
Asuran,358,-1003181705395
Asuran,359,-1003181705395
Asuran,360,-1003181705395
Rudra Garuda Purana,363,-1003181705395
Rudra Garuda Purana,364,-1003181705395
Rudra Garuda Purana,365,-1003181705395
Music Shop Murthy,367,-1003181705395
Music Shop Murthy,368,-1003181705395
Bakasuran,370,-1003181705395
Bakasuran,371,-1003181705395
Bakasuran,372,-1003181705395
Bakasuran,373,-1003181705395
Ravanasura,375,-1003181705395
Ravanasura,376,-1003181705395
Ravanasura,377,-1003181705395
Ravanasura,378,-1003181705395
Thiruchitrambalam,382,-1003181705395
Thiruchitrambalam,383,-1003181705395
Thiruchitrambalam,384,-1003181705395
Thiruchitrambalam,385,-1003181705395
Sitaare Zameen Par,399,-1003181705395
Sitaare Zameen Par,400,-1003181705395
Sitaare Zameen Par,401,-1003181705395
Sitaare Zameen Par,402,-1003181705395
Taare Zameen Par,404,-1003181705395
Taare Zameen Par,405,-1003181705395
Taare Zameen Par,406,-1003181705395
Taare Zameen Par,407,-1003181705395
Mahavatar Narsimha,410,-1003181705395
Mahavatar Narsimha,411,-1003181705395
Mahavatar Narsimha,412,-1003181705395
Sattamum Needhiyum S01,513,-1003181705395
Sattamum Needhiyum S01,514,-1003181705395
Sattamum Needhiyum S01,515,-1003181705395
Sattamum Needhiyum S01,516,-1003181705395
Sattamum Needhiyum S01,517,-1003181705395
Sattamum Needhiyum S01,518,-1003181705395
Sattamum Needhiyum S01,519,-1003181705395
Sattamum Needhiyum S01,521,-1003181705395
Sattamum Needhiyum S01,522,-1003181705395
Sattamum Needhiyum S01,523,-1003181705395
Sattamum Needhiyum S01,524,-1003181705395
Sattamum Needhiyum S01,525,-1003181705395
Sattamum Needhiyum S01,526,-1003181705395
Sattamum Needhiyum S01,527,-1003181705395
Sattamum Needhiyum S01,529,-1003181705395
Sattamum Needhiyum S01,530,-1003181705395
Sattamum Needhiyum S01,531,-1003181705395
Sattamum Needhiyum S01,532,-1003181705395
Sattamum Needhiyum S01,533,-1003181705395
Sattamum Needhiyum S01,534,-1003181705395
Sattamum Needhiyum S01,535,-1003181705395
Sattamum Needhiyum S01,541,-1003181705395
Maharaj,546,-1003181705395
Maharaj,548,-1003181705395
Maharaj,555,-1003181705395
Maharaj,558,-1003181705395
The Sandman,563,-1003181705395
The Sandman,564,-1003181705395
The Sandman,565,-1003181705395
The Sandman,899,-1003181705395
The Sandman,568,-1003181705395
The Sandman,569,-1003181705395
The Sandman,575,-1003181705395
The Sandman,577,-1003181705395
Bakaiti,583,-1003181705395
Bakaiti,585,-1003181705395
Bakaiti,587,-1003181705395
Bakaiti,589,-1003181705395
Paranthu Po,599,-1003181705395
Paranthu Po,602,-1003181705395
Paranthu Po,604,-1003181705395
Paranthu Po,606,-1003181705395
Wednesday (2022) Season 1,608,-1003181705395
Wednesday (2022) Season 1,612,-1003181705395
Wednesday (2022) Season 1,613,-1003181705395
Wednesday (2022) Season 1,614,-1003181705395
Wednesday (2022) Season 1,615,-1003181705395
Wednesday (2022) Season 1,616,-1003181705395
Wednesday (2022) Season 1,617,-1003181705395
Wednesday (2022) Season 1,618,-1003181705395
Wednesday (2022) Season 1,619,-1003181705395
Wednesday (2022) Season 1,620,-1003181705395
Wednesday (2022) Season 1,621,-1003181705395
Wednesday (2022) Season 1,622,-1003181705395
Wednesday (2022) Season 1,623,-1003181705395
Wednesday (2022) Season 1,624,-1003181705395
Wednesday (2022) Season 1,625,-1003181705395
Wednesday (2022) Season 1,626,-1003181705395
Wednesday (2022) Season 1,627,-1003181705395
Wednesday (2022) Season 1,629,-1003181705395
Wednesday (2022) Season 1,631,-1003181705395
Wednesday (2022) Season 1,632,-1003181705395
Wednesday (2022) Season 1,633,-1003181705395
Wednesday (2022) Season 1,634,-1003181705395
Wednesday (2022) Season 1,635,-1003181705395
Wednesday (2022) Season 1,636,-1003181705395
Wednesday (2022) Season 1,637,-1003181705395
Wednesday (2022) Season 1,638,-1003181705395
Wednesday (2022) Season 1,640,-1003181705395
Wednesday (2022) Season 1,641,-1003181705395
Wednesday (2025) Season 2 Part 1,647,-1003181705395
Wednesday (2025) Season 2 Part 1,648,-1003181705395
Wednesday (2025) Season 2 Part 1,649,-1003181705395
Wednesday (2025) Season 2 Part 1,650,-1003181705395
Wednesday (2025) Season 2 Part 1,652,-1003181705395
Wednesday (2025) Season 2 Part 1,654,-1003181705395
Wednesday (2025) Season 2 Part 1,655,-1003181705395
Wednesday (2025) Season 2 Part 1,656,-1003181705395
Wednesday (2025) Season 2 Part 1,657,-1003181705395
Wednesday (2025) Season 2 Part 1,659,-1003181705395
Wednesday (2025) Season 2 Part 1,661,-1003181705395
Wednesday (2025) Season 2 Part 1,664,-1003181705395
Wednesday (2025) Season 2 Part 1,666,-1003181705395
Heads of State,675,-1003181705395
Heads of State,677,-1003181705395
Heads of State,679,-1003181705395
Heads of State,681,-1003181705395
Dark 2017,687,-1003181705395
Dark 2017,693,-1003181705395
Dark 2017,698,-1003181705395
F1,706,-1003181705395
F1,708,-1003181705395
F1,710,-1003181705395
F1,712,-1003181705395
Mission Impossible The Final Reckoning (2025),719,-1003181705395
Mission Impossible The Final Reckoning (2025),721,-1003181705395
Mission Impossible The Final Reckoning (2025),723,-1003181705395
Mission Impossible The Final Reckoning (2025),725,-1003181705395
Vina Ke Woh Saat Din,730,-1003181705395
Vina Ke Woh Saat Din,732,-1003181705395
Vina Ke Woh Saat Din,734,-1003181705395
Dhadak 2,742,-1003181705395
Dhadak 2,744,-1003181705395
Dhadak 2,746,-1003181705395
Jurassic World Rebirth,753,-1003181705395
Jurassic World Rebirth,755,-1003181705395
Jurassic World Rebirth,757,-1003181705395
Jurassic World Rebirth,759,-1003181705395
Jurassic World Rebirth,761,-1003181705395
Love Hurts,768,-1003181705395
Love Hurts,771,-1003181705395
Love Hurts,773,-1003181705395
Love Hurts,778,-1003181705395
Mayasabha,785,-1003181705395
Mayasabha,786,-1003181705395
Mayasabha,789,-1003181705395
Mayasabha,790,-1003181705395
Mayasabha,792,-1003181705395
Mayasabha,793,-1003181705395
Materialists,797,-1003181705395
Materialists,799,-1003181705395
Materialists,804,-1003181705395
Materialists,806,-1003181705395
Materialists,808,-1003181705395
Shutter Island,814,-1003181705395
Shutter Island,816,-1003181705395
Shutter Island,818,-1003181705395
Interstellar,829,-1003181705395
Interstellar,831,-1003181705395
Interstellar,833,-1003181705395
Raid,839,-1003181705395
Raid,841,-1003181705395
Raid,843,-1003181705395
Raid 2,847,-1003181705395
Raid 2,849,-1003181705395
Raid 2,851,-1003181705395
Saare Jahan Se Accha,858,-1003181705395
Saare Jahan Se Accha,860,-1003181705395
Saare Jahan Se Accha,862,-1003181705395
Coolie,871,-1003181705395
Coolie,874,-1003181705395
Coolie,877,-1003181705395
It 2017,883,-1003181705395
It 2017,885,-1003181705395
It 2017,889,-1003181705395
It Chapter Two,894,-1003181705395
It Chapter Two,896,-1003181705395
War 2019,940,-1003181705395
War 2019,943,-1003181705395
War 2019,945,-1003181705395
War 2019,950,-1003181705395
War 2019,952,-1003181705395
War 2 2025,955,-1003181705395
War 2 2025,957,-1003181705395
War 2 2025,959,-1003181705395
Sena Guardians of the Nation Season 1 (2025),964,-1003181705395
Sena Guardians of the Nation Season 1 (2025),966,-1003181705395
Sena Guardians of the Nation Season 1 (2025),968,-1003181705395
Sena Guardians of the Nation Season 1 (2025),970,-1003181705395
Raaz Rangon Ka 2024,1107,-1003181705395
Raaz Rangon Ka 2024,1112,-1003181705395
Raaz Rangon Ka 2024,979,-1003181705395
Raaz Rangon Ka 2024,975,-1003181705395
Raaz Rangon Ka 2024,977,-1003181705395
Nadikar (2024) ,983,-1003181705395
Nadikar (2024) ,985,-1003181705395
Nadikar (2024) ,988,-1003181705395
Nadikar (2024) ,990,-1003181705395
Andhera (2025),995,-1003181705395
Andhera (2025),997,-1003181705395
Andhera (2025),1001,-1003181705395
Andhera (2025),1003,-1003181705395
Tehran (2025),1009,-1003181705395
Tehran (2025),1011,-1003181705395
Tehran (2025),1013,-1003181705395
Tehran (2025),1015,-1003181705395
Smurfs (2025),1020,-1003181705395
Smurfs (2025),1022,-1003181705395
Smurfs (2025),1024,-1003181705395
Smurfs (2025),1026,-1003181705395
Court State Vs A Nobody (2025),1030,-1003181705395
Court State Vs A Nobody (2025),1032,-1003181705395
Court State Vs A Nobody (2025),1034,-1003181705395
Court State Vs A Nobody (2025),1036,-1003181705395
Salakaar S1 (2025),1042,-1003181705395
Salakaar S1 (2025),1044,-1003181705395
Salakaar S1 (2025),1046,-1003181705395
Salakaar S1 (2025),1048,-1003181705395
Arabia Kadali 2025,1055,-1003181705395
Arabia Kadali 2025,1057,-1003181705395
Arabia Kadali 2025,1059,-1003181705395
Bindiya Ke Bahubali 2025,1064,-1003181705395
Bindiya Ke Bahubali 2025,1066,-1003181705395
Bindiya Ke Bahubali 2025,1068,-1003181705395
Oho Enthan Baby (2025),1072,-1003181705395
Oho Enthan Baby (2025),1074,-1003181705395
Oho Enthan Baby (2025),1076,-1003181705395
Oho Enthan Baby (2025),1078,-1003181705395
Baida (2025) ,1082,-1003181705395
Baida (2025) ,1084,-1003181705395
Baida (2025) ,1086,-1003181705395
Baida (2025) ,1089,-1003181705395
Baida (2025) ,1091,-1003181705395
Kaalidhar Laapata 2025,1095,-1003181705395
Kaalidhar Laapata 2025,1097,-1003181705395
Kaalidhar Laapata 2025,1099,-1003181705395
Kaalidhar Laapata 2025,1101,-1003181705395
Kaalidhar Laapata 2025,1104,-1003181705395
Don Aur Doctor (2018),1118,-1003181705395
Don Aur Doctor (2018),1119,-1003181705395
Don Aur Doctor (2018),1121,-1003181705395
Don Aur Doctor (2018),1122,-1003181705395
Don Aur Doctor (2018),1125,-1003181705395
Don Aur Doctor (2018),1126,-1003181705395
Breaking Bad S1 (2008),1130,-1003181705395
Breaking Bad S2 (2009),1133,-1003181705395
Breaking Bad S2 (2009),1135,-1003181705395
Breaking Bad S3 (2010),1137,-1003181705395
Breaking Bad S3 (2010),1138,-1003181705395
Breaking Bad S4 (2011),1140,-1003181705395
Breaking Bad S4 (2011),1141,-1003181705395
Breaking Bad S5 (2012),1143,-1003181705395
Breaking Bad S5 (2012),1144,-1003181705395
Breaking Bad S5 (2012),1145,-1003181705395
Better Call Saul Season 1 (2015),1147,-1003181705395
Better Call Saul Season 1 (2015),1148,-1003181705395
Better Call Saul Season 2 (2016),1150,-1003181705395
Better Call Saul Season 3 (2017),1152,-1003181705395
Better Call Saul Season 4 (2018),1154,-1003181705395
Better Call Saul Season 4 (2018),1155,-1003181705395
Better Call Saul Season 5 (2020),1158,-1003181705395
Better Call Saul Season 6 (2022),1161,-1003181705395
Better Call Saul Season 6 (2022),1160,-1003181705395
MCA Middle Class Abbayi (2017),1164,-1003181705395
MCA Middle Class Abbayi (2017),1165,-1003181705395
MCA Middle Class Abbayi (2017),1166,-1003181705395
MCA Middle Class Abbayi (2017),1167,-1003181705395
MCA Middle Class Abbayi (2017),1168,-1003181705395
MobLand Season 1 (2025),1170,-1003181705395
MobLand Season 1 (2025),1171,-1003181705395
MobLand Season 1 (2025),1172,-1003181705395
Kantara (2022),1178,-1003181705395
Kantara (2022),1179,-1003181705395
Kantara (2022),1180,-1003181705395
Kantara (2022),1182,-1003181705395
Kantara (2022),1183,-1003181705395
Fight Club (1999),1186,-1003181705395
Fight Club (1999),1187,-1003181705395
Fight Club (1999),1188,-1003181705395
Fight Club (1999),1189,-1003181705395
Fight Club (1999),1190,-1003181705395
Fight Club (1999),1191,-1003181705395
Jamnapaar S1 (2024),1193,-1003181705395
Jamnapaar S1 (2024),1194,-1003181705395
Jamnapaar S1 (2024),1195,-1003181705395
Game of Thrones S1 (2011),1197,-1003181705395
Game of Thrones S1 (2011),1198,-1003181705395
Game of Thrones S2 (2012),1200,-1003181705395
Game of Thrones S2 (2012),1201,-1003181705395
Game of Thrones S3 (2013),1203,-1003181705395
Game of Thrones S3 (2013),1204,-1003181705395
Game of Thrones S4 (2014),1206,-1003181705395
Game of Thrones S4 (2014),1207,-1003181705395
Game of Thrones S5 (2015),1209,-1003181705395
Game of Thrones S5 (2015),1210,-1003181705395
Game of Thrones S6 (2016),1212,-1003181705395
Game of Thrones S6 (2016),1213,-1003181705395
Game of Thrones S7 (2017),1215,-1003181705395
Game of Thrones S7 (2017),1216,-1003181705395
Game of Thrones S8 (2019),1218,-1003181705395
Game of Thrones S8 (2019),1219,-1003181705395
House of Dragon S1 (2022),1221,-1003181705395
House of Dragon S1 (2022),1222,-1003181705395
House of Dragon S2 (2024),1224,-1003181705395
House of Dragon S2 (2024),1225,-1003181705395
House of Dragon S2 (2024),1226,-1003181705395
Locked S1 (2022),1230,-1003181705395
Locked S1 (2022),1231,-1003181705395
Bunty Aur Babli (2005),1233,-1003181705395
Bunty Aur Babli (2005),1234,-1003181705395
Bunty Aur Babli (2005),1235,-1003181705395
Bunty Aur Babli (2021),1237,-1003181705395
Bunty Aur Babli (2021),1238,-1003181705395
Bunty Aur Babli (2021),1239,-1003181705395
Hit The First Case (2020),1241,-1003181705395
Hit The First Case (2020),1242,-1003181705395
Hit The First Case (2020),1243,-1003181705395
Hit The First Case (2020),1244,-1003181705395
Hit The Second Case (2022),1246,-1003181705395
Hit The Second Case (2022),1247,-1003181705395
Hit The Second Case (2022),1248,-1003181705395
Hit The Second Case (2022),1249,-1003181705395
Hit The Third Case (2025),1251,-1003181705395
Hit The Third Case (2025),1252,-1003181705395
Hit The Third Case (2025),1253,-1003181705395
Hit The Third Case (2025),1254,-1003181705395
RRR (2022),1257,-1003181705395
RRR (2022),1258,-1003181705395
RRR (2022),1259,-1003181705395
RRR (2022),1260,-1003181705395
RRR (2022),1261,-1003181705395
Robinhood (2025),1263,-1003181705395
Robinhood (2025),1264,-1003181705395
Robinhood (2025),1265,-1003181705395
Robinhood (2025),1266,-1003181705395
Robinhood (2025),1267,-1003181705395
Love All (2023),1269,-1003181705395
Love All (2023),1270,-1003181705395
Love All (2023),1271,-1003181705395
Love All (2023),1272,-1003181705395
Janaki V vs State of Kerala (2025),1274,-1003181705395
Janaki V vs State of Kerala (2025),1275,-1003181705395
Janaki V vs State of Kerala (2025),1276,-1003181705395
Janaki V vs State of Kerala (2025),1277,-1003181705395
Devara (2024),1279,-1003181705395
Devara (2024),1280,-1003181705395
Devara (2024),1281,-1003181705395
Devara (2024),1282,-1003181705395
Devara (2024),1283,-1003181705395
Raja Natwarlal (2014),1286,-1003181705395
Raja Natwarlal (2014),1287,-1003181705395
Raja Natwarlal (2014),1288,-1003181705395
Raja Natwarlal (2014),1289,-1003181705395
Chennai Central (2018),1291,-1003181705395
Chennai Central (2018),1292,-1003181705395
Chennai Central (2018),1293,-1003181705395
Maleficent (2014),1295,-1003181705395
Maleficent (2014),1296,-1003181705395
Maleficent (2014),1297,-1003181705395
Maleficent (2014),1298,-1003181705395
Maleficent: Mistress of Evil (2019),1300,-1003181705395
Maleficent: Mistress of Evil (2019),1301,-1003181705395
Maleficent: Mistress of Evil (2019),1302,-1003181705395
Maleficent: Mistress of Evil (2019),1303,-1003181705395
Babli Bouncer (2022),1305,-1003181705395
Babli Bouncer (2022),1306,-1003181705395
Babli Bouncer (2022),1308,-1003181705395
Babli Bouncer (2022),1309,-1003181705395
Babli Bouncer (2022),1310,-1003181705395
Raavan (2010),1312,-1003181705395
Raavan (2010),1313,-1003181705395
Raavan (2010),1314,-1003181705395
Malik (2025),1316,-1003181705395
Malik (2025),1317,-1003181705395
Malik (2025),1318,-1003181705395
Malik (2025),1319,-1003181705395
Aema 2025,1321,-1003181705395
Aema 2025,1322,-1003181705395
Gangs of Wasseypur - Part 1 (2012),1334,-1003181705395
Gangs of Wasseypur - Part 1 (2012),1335,-1003181705395
Gangs of Wasseypur - Part 1 (2012),1336,-1003181705395
Gangs of Wasseypur - Part 1 (2012),1337,-1003181705395
Gangs of Wasseypur - Part 1 (2012),1338,-1003181705395
Gangs of Wasseypur - Part 2 (2012),1340,-1003181705395
Gangs of Wasseypur - Part 2 (2012),1341,-1003181705395
Gangs of Wasseypur - Part 2 (2012),1342,-1003181705395
Gangs of Wasseypur - Part 2 (2012),1343,-1003181705395
Gangs of Wasseypur - Part 2 (2012),1344,-1003181705395
Genius (2018),1346,-1003181705395
Genius (2018),1347,-1003181705395
Genius (2018),1348,-1003181705395
Genius (2018),1349,-1003181705395
Pratishod S01 (2025),1351,-1003181705395
Pratishod S01 (2025),1352,-1003181705395
Pratishod S01 (2025),1353,-1003181705395
Pratishod S01 (2025),1354,-1003181705395
Sarpanch Sahab S1 (2025),1356,-1003181705395
Sarpanch Sahab S1 (2025),1357,-1003181705395
Sarpanch Sahab S1 (2025),1362,-1003181705395
Yuva Sapno Ka Safar S1 (2025),1364,-1003181705395
Yuva Sapno Ka Safar S1 (2025),1365,-1003181705395
Yuva Sapno Ka Safar S1 (2025),1366,-1003181705395
Rangasthalam (2018),1368,-1003181705395
Rangasthalam (2018),1369,-1003181705395
Rangasthalam (2018),1370,-1003181705395
Rangasthalam (2018),1371,-1003181705395
Rangasthalam (2018),1372,-1003181705395
Rangasthalam (2018),1373,-1003181705395
Maareesan (2025),1375,-1003181705395
Maareesan (2025),1376,-1003181705395
Maareesan (2025),1377,-1003181705395
Maareesan (2025),1378,-1003181705395
Maareesan (2025),1379,-1003181705395
Kingdom (2025),1384,-1003181705395
Kingdom (2025),1385,-1003181705395
Kingdom (2025),1386,-1003181705395
Kingdom (2025),1387,-1003181705395
Kingdom (2025),1388,-1003181705395
The Polar Express (2004),1389,-1003181705395
The Polar Express (2004),1390,-1003181705395
The Polar Express (2004),1391,-1003181705395
The Polar Express (2004),1392,-1003181705395
The Polar Express (2004),1393,-1003181705395
The Polar Express (2004),1394,-1003181705395
Ne Zha (2019),1397,-1003181705395
Ne Zha (2019),1398,-1003181705395
Ne Zha (2019),1399,-1003181705395
Ne Zha 2 (2025),1401,-1003181705395
Ne Zha 2 (2025),1402,-1003181705395
Ne Zha 2 (2025),1403,-1003181705395
Final Destination (2000),1405,-1003181705395
Final Destination (2000),1406,-1003181705395
Final Destination (2000),1407,-1003181705395
Final Destination (2000),1408,-1003181705395
Final Destination 2 (2003),1410,-1003181705395
Final Destination 2 (2003),1411,-1003181705395
Final Destination 2 (2003),1412,-1003181705395
Final Destination 2 (2003),1413,-1003181705395
Final Destination 3 (2006),1415,-1003181705395
Final Destination 3 (2006),1416,-1003181705395
Final Destination 3 (2006),1417,-1003181705395
Final Destination 3 (2006),1418,-1003181705395
Final Destination 4 (2009),1420,-1003181705395
Final Destination 4 (2009),1421,-1003181705395
Final Destination 4 (2009),1422,-1003181705395
Final Destination 4 (2009),1423,-1003181705395
Final Destination 5 (2011),1425,-1003181705395
Final Destination 5 (2011),1426,-1003181705395
Final Destination 5 (2011),1427,-1003181705395
Final Destination 5 (2011),1428,-1003181705395
Final Destination Bloodlines (2025),1430,-1003181705395
Final Destination Bloodlines (2025),1431,-1003181705395
Final Destination Bloodlines (2025),1432,-1003181705395
Final Destination Bloodlines (2025),1433,-1003181705395
Gyaarah Gyaarah S1 (2024),1435,-1003181705395
Gyaarah Gyaarah S1 (2024),1436,-1003181705395
Gyaarah Gyaarah S1 (2024),1437,-1003181705395
Gyaarah Gyaarah S1 (2024),1438,-1003181705395
Gyaarah Gyaarah S1 (2024),1439,-1003181705395
Tribhuvan Mishra CA Topper (2024),1441,-1003181705395
Tribhuvan Mishra CA Topper (2024),1442,-1003181705395
Half CA S1 (2023),1444,-1003181705395
Half CA S1 (2023),1445,-1003181705395
Half CA S1 (2023),1446,-1003181705395
Half CA S1 (2023),1447,-1003181705395
Half CA S2 (2025),1450,-1003181705395
Half CA S2 (2025),1451,-1003181705395
Half CA S2 (2025),1452,-1003181705395
El Camino: A Breaking Bad Movie (2019),1454,-1003181705395
El Camino: A Breaking Bad Movie (2019),1455,-1003181705395
El Camino: A Breaking Bad Movie (2019),1456,-1003181705395
The Bad Guys (2022),1458,-1003181705395
The Bad Guys (2022),1459,-1003181705395
The Bad Guys (2022),1460,-1003181705395
The Bad Guys (2022),1461,-1003181705395
The Bad Guys (2022),1462,-1003181705395
The Bad Guys 2 (2025),1464,-1003181705395
The Bad Guys 2 (2025),1465,-1003181705395
The Bad Guys 2 (2025),1466,-1003181705395
The Bad Guys 2 (2025),1467,-1003181705395
Maargan (2025),1469,-1003181705395
Maargan (2025),1470,-1003181705395
Maargan (2025),1471,-1003181705395
Maargan (2025),1472,-1003181705395
Captain America: The First Avenger (2011),1480,-1003181705395
Captain America: The First Avenger (2011),1481,-1003181705395
Captain America: The First Avenger (2011),1482,-1003181705395
Captain America: The First Avenger (2011),1483,-1003181705395
Captain America: The First Avenger (2011),1484,-1003181705395
Captain America: The First Avenger (2011),1485,-1003181705395
Marvel One Shot Agent Carter (2013),1487,-1003181705395
Agent Carter S1 (2015),1489,-1003181705395
Agent Carter S2 (2016),1491,-1003181705395
Agent Carter S2 (2016),1492,-1003181705395
Captain Marvel (2019),1494,-1003181705395
Captain Marvel (2019),1495,-1003181705395
Captain Marvel (2019),1496,-1003181705395
Captain Marvel (2019),1497,-1003181705395
Captain Marvel (2019),1498,-1003181705395
Captain Marvel (2019),1499,-1003181705395
Iron Man (2008),1501,-1003181705395
Iron Man (2008),1502,-1003181705395
Iron Man (2008),1503,-1003181705395
Iron Man (2008),1504,-1003181705395
Iron Man (2008),1505,-1003181705395
Iron Man 2 (2010),1507,-1003181705395
Iron Man 2 (2010),1508,-1003181705395
Iron Man 2 (2010),1509,-1003181705395
Iron Man 2 (2010),1510,-1003181705395
Iron Man 2 (2010),1511,-1003181705395
Hulk (2003),1513,-1003181705395
Hulk (2003),1514,-1003181705395
Hulk (2003),1515,-1003181705395
Hulk (2003),1516,-1003181705395
Hulk (2003),1517,-1003181705395
The Incredible Hulk (2008),1519,-1003181705395
The Incredible Hulk (2008),1520,-1003181705395
The Incredible Hulk (2008),1521,-1003181705395
The Incredible Hulk (2008),1522,-1003181705395
The Incredible Hulk (2008),1523,-1003181705395
The Incredible Hulk (2008),1524,-1003181705395
The Incredible Hulk (2008),1525,-1003181705395
The Incredible Hulk (2008),1526,-1003181705395
Marvel One-Shot： The Consultant (2011),1528,-1003181705395
Marvel ONE-SHOT Short Film： A Funny Thing Happened On The Way To Thor's Hammer (2011),1530,-1003181705395
Thor (2011),1532,-1003181705395
Thor (2011),1533,-1003181705395
Thor (2011),1534,-1003181705395
Thor (2011),1535,-1003181705395
Thor (2011),1536,-1003181705395
The Avengers (2012),1538,-1003181705395
The Avengers (2012),1539,-1003181705395
The Avengers (2012),1540,-1003181705395
The Avengers (2012),1541,-1003181705395
The Avengers (2012),1542,-1003181705395
Marvel One-Shot: Item 47 (2012),1544,-1003181705395
Iron Man 3 (2013),1546,-1003181705395
Iron Man 3 (2013),1547,-1003181705395
Iron Man 3 (2013),1548,-1003181705395
Iron Man 3 (2013),1549,-1003181705395
Iron Man 3 (2013),1550,-1003181705395
Marvel One-Shot: All Hail the King (2014),1552,-1003181705395
Agents of S.H.I.E.L.D Season 1 (2013),1554,-1003181705395
Agents of S.H.I.E.L.D Season 1 (2013),1555,-1003181705395
Thor: The Dark World (2013),1557,-1003181705395
Thor: The Dark World (2013),1558,-1003181705395
Thor: The Dark World (2013),1559,-1003181705395
Thor: The Dark World (2013),1560,-1003181705395
Thor: The Dark World (2013),1561,-1003181705395
Thor: The Dark World (2013),1562,-1003181705395
Captain America The Winter Soldier (2014),1564,-1003181705395
Captain America The Winter Soldier (2014),1565,-1003181705395
Captain America The Winter Soldier (2014),1566,-1003181705395
Captain America The Winter Soldier (2014),1567,-1003181705395
Captain America The Winter Soldier (2014),1568,-1003181705395
Guardians of the Galaxy (2014),1570,-1003181705395
Guardians of the Galaxy (2014),1571,-1003181705395
Guardians of the Galaxy (2014),1572,-1003181705395
Guardians of the Galaxy (2014),1573,-1003181705395
Guardians of the Galaxy (2014),1574,-1003181705395
Guardians of the Galaxy (2014),1575,-1003181705395
I Am Groot (2022),1577,-1003181705395
Guardians of the Galaxy Volume 2 (2017),1579,-1003181705395
Guardians of the Galaxy Volume 2 (2017),1580,-1003181705395
Guardians of the Galaxy Volume 2 (2017),1581,-1003181705395
Guardians of the Galaxy Volume 2 (2017),1582,-1003181705395
Guardians of the Galaxy Volume 2 (2017),1583,-1003181705395
Agents of S.H.I.E.L.D Season 2 (2014),1585,-1003181705395
Agents of S.H.I.E.L.D Season 2 (2014),1586,-1003181705395
I Am Groot S2 (2022),1588,-1003181705395
Daredevil Season 1 (2015),1590,-1003181705395
Jessica Jones Season 1 (2015),1592,-1003181705395
Jessica Jones Season 1 (2015),1593,-1003181705395
Avengers: Age of Ultron (2015),1595,-1003181705395
Avengers: Age of Ultron (2015),1596,-1003181705395
Avengers: Age of Ultron (2015),1597,-1003181705395
Avengers: Age of Ultron (2015),1598,-1003181705395
Avengers: Age of Ultron (2015),1599,-1003181705395
Daredevil Season 2 (2016),1601,-1003181705395
Daredevil Season 2 (2016),1602,-1003181705395
Ant Man (2015),1604,-1003181705395
Ant Man (2015),1605,-1003181705395
Ant Man (2015),1606,-1003181705395
Ant Man (2015),1607,-1003181705395
Luke Cage Season 1 (2016),1609,-1003181705395
Iron Fist Season 1 (2017),1611,-1003181705395
The Defenders (2017),1613,-1003181705395
Agents of S.H.I.E.L.D Season 3 (2015),1615,-1003181705395
Agents of S.H.I.E.L.D Season 3 (2015),1616,-1003181705395
Captain America Civil War (2016),1618,-1003181705395
Captain America Civil War (2016),1619,-1003181705395
Captain America Civil War (2016),1620,-1003181705395
Captain America Civil War (2016),1621,-1003181705395
Captain America Civil War (2016),1622,-1003181705395
Captain America Civil War (2016),1623,-1003181705395
Black Widow (2021),1625,-1003181705395
Black Widow (2021),1626,-1003181705395
Black Widow (2021),1627,-1003181705395
Black Widow (2021),1628,-1003181705395
Black Widow (2021),1629,-1003181705395
Black Widow (2021),1630,-1003181705395
Black Panther (2018),1632,-1003181705395
Black Panther (2018),1633,-1003181705395
Black Panther (2018),1634,-1003181705395
Black Panther (2018),1635,-1003181705395
Black Panther (2018),1636,-1003181705395
Spider-Man: Homecoming (2017),1638,-1003181705395
Spider-Man: Homecoming (2017),1639,-1003181705395
Spider-Man: Homecoming (2017),1640,-1003181705395
Spider-Man: Homecoming (2017),1641,-1003181705395
Spider-Man: Homecoming (2017),1642,-1003181705395
Spider-Man: Homecoming (2017),1643,-1003181705395
The Punisher Season 1 (2017),1645,-1003181705395
Agents of S.H.I.E.L.D Season 4 (2016),1647,-1003181705395
Agents of S.H.I.E.L.D Season 4 (2016),1648,-1003181705395
Doctor Strange (2016),1650,-1003181705395
Doctor Strange (2016),1651,-1003181705395
Doctor Strange (2016),1652,-1003181705395
Doctor Strange (2016),1653,-1003181705395
Agents of Shield Slingshot S01 (2016),1655,-1003181705395
Agents of S.H.I.E.L.D Season 5 (2018),1657,-1003181705395
Agents of S.H.I.E.L.D Season 5 (2018),1658,-1003181705395
Inhumans (2017),1660,-1003181705395
Inhumans (2017),1661,-1003181705395
Jessica Jones Season 2 (2018),1663,-1003181705395
Luke Cage Season 2 (2018),1665,-1003181705395
Iron Fist Season 2 (2018),1667,-1003181705395
Daredevil Season 3 (2018),1669,-1003181705395
Daredevil Season 3 (2018),1670,-1003181705395
The Punisher Season 2 (2019),1672,-1003181705395
Jessica Jones Season 3 (2019 ),1674,-1003181705395
Runaways Season 1 (2017),1676,-1003181705395
Runaways Season 1 (2017),1677,-1003181705395
Runaways Season 2 (2018),1679,-1003181705395
Cloak & Dagger Season 1 (2018),1681,-1003181705395
Cloak & Dagger Season 2 (2019),1683,-1003181705395
Runaways Season 3 (2019),1685,-1003181705395
Ant-Man and the Wasp (2018),1687,-1003181705395
Ant-Man and the Wasp (2018),1688,-1003181705395
Ant-Man and the Wasp (2018),1689,-1003181705395
Ant-Man and the Wasp (2018),1690,-1003181705395
Ant-Man and the Wasp (2018),1691,-1003181705395
Thor: Ragnarok (2017),1693,-1003181705395
Thor: Ragnarok (2017),1694,-1003181705395
Thor: Ragnarok (2017),1695,-1003181705395
Thor: Ragnarok (2017),1696,-1003181705395
Thor: Ragnarok (2017),1697,-1003181705395
Thor: Ragnarok (2017),1698,-1003181705395
Avengers: Infinity War (2018),1700,-1003181705395
Avengers: Infinity War (2018),1701,-1003181705395
Avengers: Infinity War (2018),1702,-1003181705395
Avengers: Infinity War (2018),1703,-1003181705395
Agents of S.H.I.E.L.D Season 6 (2019),1705,-1003181705395
Agents of S.H.I.E.L.D Season 7 (2020),1707,-1003181705395
Avengers: Endgame (2019),1709,-1003181705395
Avengers: Endgame (2019),1710,-1003181705395
Avengers: Endgame (2019),1711,-1003181705395
Avengers: Endgame (2019),1712,-1003181705395
Avengers: Endgame (2019),1713,-1003181705395
Loki Season 1 (2021),1715,-1003181705395
Loki Season 2 (2023),1717,-1003181705395
What If...? Season 1 (2021),1719,-1003181705395
What If...? Season 2 (2023),1721,-1003181705395
What If...? Season 3 (2024),1723,-1003181705395
What If...? Season 3 (2024),1724,-1003181705395
WandaVision (2021),1726,-1003181705395
WandaVision (2021),1727,-1003181705395
The Falcon and the Winter Soldier (2021),1729,-1003181705395
The Falcon and the Winter Soldier (2021),1730,-1003181705395
Shang-Chi and the Legend of the Ten Rings (2021),1732,-1003181705395
Shang-Chi and the Legend of the Ten Rings (2021),1733,-1003181705395
Shang-Chi and the Legend of the Ten Rings (2021),1734,-1003181705395
Shang-Chi and the Legend of the Ten Rings (2021),1735,-1003181705395
Shang-Chi and the Legend of the Ten Rings (2021),1736,-1003181705395
Shang-Chi and the Legend of the Ten Rings (2021),1737,-1003181705395
Shang-Chi and the Legend of the Ten Rings (2021),1738,-1003181705395
Shang-Chi and the Legend of the Ten Rings (2021),1739,-1003181705395
Eternals (2021),1740,-1003181705395
Eternals (2021),1741,-1003181705395
Eternals (2021),1742,-1003181705395
Eternals (2021),1743,-1003181705395
Eternals (2021),1744,-1003181705395
Eternals (2021),1745,-1003181705395
Eternals (2021),1746,-1003181705395
Black Panther: Wakanda Forever (2022),1748,-1003181705395
Black Panther: Wakanda Forever (2022),1749,-1003181705395
Black Panther: Wakanda Forever (2022),1750,-1003181705395
Black Panther: Wakanda Forever (2022),1751,-1003181705395
Black Panther: Wakanda Forever (2022),1752,-1003181705395
Black Panther: Wakanda Forever (2022),1753,-1003181705395
Spider-Man: Far from Home (2019),1755,-1003181705395
Spider-Man: Far from Home (2019),1756,-1003181705395
Spider-Man: Far from Home (2019),1757,-1003181705395
Spider-Man: Far from Home (2019),1758,-1003181705395
Spider-Man: Far from Home (2019),1759,-1003181705395
Spider-Man: Far from Home (2019),1760,-1003181705395
Spider-Man: Far from Home (2019),1761,-1003181705395
Spider-Man: No Way Home (2021),1763,-1003181705395
Spider-Man: No Way Home (2021),1764,-1003181705395
Spider-Man: No Way Home (2021),1765,-1003181705395
Spider-Man: No Way Home (2021),1766,-1003181705395
Spider-Man: No Way Home (2021),1767,-1003181705395
Spider-Man: No Way Home (2021),1768,-1003181705395
Spider-Man: No Way Home (2021),1769,-1003181705395
Doctor Strange in the Multiverse of Madness (2022),1771,-1003181705395
Doctor Strange in the Multiverse of Madness (2022),1772,-1003181705395
Doctor Strange in the Multiverse of Madness (2022),1773,-1003181705395
Doctor Strange in the Multiverse of Madness (2022),1774,-1003181705395
Doctor Strange in the Multiverse of Madness (2022),1775,-1003181705395
Doctor Strange in the Multiverse of Madness (2022),1776,-1003181705395
Doctor Strange in the Multiverse of Madness (2022),1777,-1003181705395
Doctor Strange in the Multiverse of Madness (2022),1778,-1003181705395
Hawkeye (2021),1780,-1003181705395
Hawkeye (2021),1781,-1003181705395
Echo (2024),1783,-1003181705395
Echo (2024),1784,-1003181705395
Echo (2024),1785,-1003181705395
Moon Knight (2022),1787,-1003181705395
Moon Knight (2022),1788,-1003181705395
Moon Knight (2022),1789,-1003181705395
She-Hulk: Attorney at Law (2022),1790,-1003181705395
She-Hulk: Attorney at Law (2022),1791,-1003181705395
Ms. Marvel (2022),1793,-1003181705395
Ms. Marvel (2022),1794,-1003181705395
Ms. Marvel (2022),1795,-1003181705395
Thor: Love and Thunder (2022),1797,-1003181705395
Thor: Love and Thunder (2022),1798,-1003181705395
Thor: Love and Thunder (2022),1799,-1003181705395
Thor: Love and Thunder (2022),1800,-1003181705395
Thor: Love and Thunder (2022),1801,-1003181705395
Thor: Love and Thunder (2022),1802,-1003181705395
Ironheart (2025),1804,-1003181705395
Ironheart (2025),1805,-1003181705395
Werewolf by Night (2022),1807,-1003181705395
Werewolf by Night (2022),1808,-1003181705395
Werewolf by Night (2022),1809,-1003181705395
Werewolf by Night (2022),1810,-1003181705395
The Guardians of the Galaxy Holiday Special (2022),1812,-1003181705395
The Guardians of the Galaxy Holiday Special (2022),1813,-1003181705395
The Guardians of the Galaxy Holiday Special (2022),1814,-1003181705395
The Guardians of the Galaxy Holiday Special (2022),1815,-1003181705395
The Guardians of the Galaxy Holiday Special (2022),1816,-1003181705395
Ant-Man and the Wasp: Quantumania (2023),1818,-1003181705395
Ant-Man and the Wasp: Quantumania (2023),1819,-1003181705395
Ant-Man and the Wasp: Quantumania (2023),1820,-1003181705395
Ant-Man and the Wasp: Quantumania (2023),1821,-1003181705395
Ant-Man and the Wasp: Quantumania (2023),1822,-1003181705395
Guardians of the Galaxy Vol. 3 (2023),1824,-1003181705395
Guardians of the Galaxy Vol. 3 (2023),1825,-1003181705395
Guardians of the Galaxy Vol. 3 (2023),1826,-1003181705395
Guardians of the Galaxy Vol. 3 (2023),1827,-1003181705395
Guardians of the Galaxy Vol. 3 (2023),1828,-1003181705395
Guardians of the Galaxy Vol. 3 (2023),1829,-1003181705395
Secret Invasion (2023),1831,-1003181705395
Secret Invasion (2023),1832,-1003181705395
Secret Invasion (2023),1833,-1003181705395
The Marvels (2023),1835,-1003181705395
The Marvels (2023),1836,-1003181705395
The Marvels (2023),1837,-1003181705395
The Marvels (2023),1838,-1003181705395
The Marvels (2023),1839,-1003181705395
The Marvels (2023),1840,-1003181705395
Deadpool & Wolverine (2024),1842,-1003181705395
Deadpool & Wolverine (2024),1843,-1003181705395
Deadpool & Wolverine (2024),1844,-1003181705395
Deadpool & Wolverine (2024),1845,-1003181705395
Deadpool & Wolverine (2024),1846,-1003181705395
Deadpool & Wolverine (2024),1847,-1003181705395
Agatha All Along (2024),1849,-1003181705395
Captain America: Brave New World (2025),1851,-1003181705395
Captain America: Brave New World (2025),1852,-1003181705395
Captain America: Brave New World (2025),1853,-1003181705395
Captain America: Brave New World (2025),1854,-1003181705395
Captain America: Brave New World (2025),1855,-1003181705395
Captain America: Brave New World (2025),1856,-1003181705395
Captain America: Brave New World (2025),1857,-1003181705395
Daredevil: Born Again (2025),1859,-1003181705395
Daredevil: Born Again (2025),1860,-1003181705395
Daredevil: Born Again (2025),1861,-1003181705395
Daredevil: Born Again (2025),1862,-1003181705395
Daredevil: Born Again (2025),1863,-1003181705395
Daredevil: Born Again (2025),1864,-1003181705395
Thunderbolts* (2025),1866,-1003181705395
Thunderbolts* (2025),1867,-1003181705395
Thunderbolts* (2025),1868,-1003181705395
Thunderbolts* (2025),1869,-1003181705395
Thunderbolts* (2025),1870,-1003181705395
Thunderbolts* (2025),1871,-1003181705395
Thunderbolts* (2025),1872,-1003181705395
Wednesday S1 (2022),1875,-1003181705395
Wednesday S1 (2022),1876,-1003181705395
Wednesday S1 (2022),1877,-1003181705395
Wednesday S1 (2022),1878,-1003181705395
Wednesday S1 (2022),1879,-1003181705395
Wednesday S2 (2025),1881,-1003181705395
Wednesday S2 (2025),1882,-1003181705395
Wednesday S2 (2025),1883,-1003181705395
Wednesday S2 (2025),1884,-1003181705395
Param Sundari (2025) Threater Print,1886,-1002831605258
Param Sundari (2025) Threater Print,1887,-1002831605258
Param Sundari (2025) Threater Print,1888,-1002831605258
Param Sundari (2025) Threater Print,1889,-1002831605258
Param Sundari (2025) Threater Print,1890,-1002831605258
The Bengal Files (2025) Threater Print,1892,-1002831605258
The Bengal Files (2025) Threater Print,1893,-1002831605258
The Bengal Files (2025) Threater Print,1894,-1002831605258
Dil Madharaasi (2025) Threater Print,1896,-1002831605258
Dil Madharaasi (2025) Threater Print,1897,-1002831605258
Dil Madharaasi (2025) Threater Print,1898,-1002831605258
Detective Ujjwalan (2025),1900,-1003181705395
Detective Ujjwalan (2025),1901,-1003181705395
Detective Ujjwalan (2025),1902,-1003181705395
Detective Ujjwalan (2025),1903,-1003181705395
Detective Ujjwalan (2025),1904,-1003181705395
Bajirao Mastani (2015),1906,-1003181705395
Bajirao Mastani (2015),1907,-1003181705395
Bajirao Mastani (2015),1908,-1003181705395
Bajirao Mastani (2015),1909,-1003181705395
Bajirao Mastani (2015),1910,-1003181705395
Bajirao Mastani (2015),1911,-1003181705395
DSP (2022),1913,-1003181705395
DSP (2022),1914,-1003181705395
DSP (2022),1915,-1003181705395
DSP (2022),1916,-1003181705395
DSP (2022),1917,-1003181705395
DSP (2022),1918,-1003181705395
Metro In Dino (2025),1920,-1003181705395
Metro In Dino (2025),1921,-1003181705395
Metro In Dino (2025),1922,-1003181705395
Metro In Dino (2025),1923,-1003181705395
The Nun: (2018),1926,-1003181705395
The Nun: (2018),1927,-1003181705395
The Nun: (2018),1928,-1003181705395
The Nun: (2018),1929,-1003181705395
The Nun: (2018),1930,-1003181705395
The Nun: (2018),1931,-1003181705395
Annabelle: Creation: (2017),1933,-1003181705395
Annabelle: Creation: (2017),1934,-1003181705395
Annabelle: Creation: (2017),1935,-1003181705395
Annabelle: Creation: (2017),1936,-1003181705395
Annabelle: Creation: (2017),1937,-1003181705395
Annabelle: Creation: (2017),1938,-1003181705395
The Nun II: (2023),1940,-1003181705395
The Nun II: (2023),1941,-1003181705395
The Nun II: (2023),1942,-1003181705395
The Nun II: (2023),1943,-1003181705395
The Nun II: (2023),1944,-1003181705395
The Nun II: (2023),1945,-1003181705395
Annabelle: (2014),1947,-1003181705395
Annabelle: (2014),1948,-1003181705395
Annabelle: (2014),1949,-1003181705395
Annabelle: (2014),1950,-1003181705395
The Conjuring: (2013),1952,-1003181705395
The Conjuring: (2013),1953,-1003181705395
The Conjuring: (2013),1954,-1003181705395
The Conjuring: (2013),1955,-1003181705395
The Conjuring: (2013),1956,-1003181705395
The Conjuring: (2013),1957,-1003181705395
The Curse of La Llorona: (2019),1959,-1003181705395
The Curse of La Llorona: (2019),1960,-1003181705395
The Curse of La Llorona: (2019),1961,-1003181705395
The Curse of La Llorona: (2019),1962,-1003181705395
The Curse of La Llorona: (2019),1963,-1003181705395
The Conjuring 2: (2016),1965,-1003181705395
The Conjuring 2: (2016),1966,-1003181705395
The Conjuring 2: (2016),1967,-1003181705395
The Conjuring 2: (2016),1968,-1003181705395
The Conjuring 2: (2016),1969,-1003181705395
The Conjuring 2: (2016),1970,-1003181705395
Annabelle Comes Home: (2019),1972,-1003181705395
Annabelle Comes Home: (2019),1973,-1003181705395
Annabelle Comes Home: (2019),1974,-1003181705395
Annabelle Comes Home: (2019),1975,-1003181705395
Annabelle Comes Home: (2019),1976,-1003181705395
Annabelle Comes Home: (2019),1977,-1003181705395
The Conjuring: The Devil Made Me Do It: (2021),1979,-1003181705395
The Conjuring: The Devil Made Me Do It: (2021),1980,-1003181705395
The Conjuring: The Devil Made Me Do It: (2021),1981,-1003181705395
The Conjuring: The Devil Made Me Do It: (2021),1982,-1003181705395
The Conjuring: The Devil Made Me Do It: (2021),1983,-1003181705395
The Conjuring: The Devil Made Me Do It: (2021),1984,-1003181705395
The Conjuring: Last Rites (2025) Threater Print,1986,-1002831605258
The Conjuring: Last Rites (2025) Threater Print,1987,-1002831605258
The Conjuring: Last Rites (2025) Threater Print,1988,-1002831605258
The Conjuring: Last Rites (2025) Threater Print,1989,-1002831605258
Saiyaara (2025),1991,-1003181705395
Saiyaara (2025),1992,-1003181705395
Saiyaara (2025),1993,-1003181705395
Saiyaara (2025),1994,-1003181705395
Saiyaara (2025),1995,-1003181705395
Saiyaara (2025),1996,-1003181705395
Saiyaara (2025),1997,-1003181705395
Saiyaara (2025),1998,-1003181705395
Saiyaara (2025),1999,-1003181705395
Saiyaara (2025),2000,-1003181705395
Saiyaara (2025),2001,-1003181705395
Saiyaara (2025),2002,-1003181705395
Saiyaara (2025),2003,-1003181705395
Ek Chatur Naar 2025,2005,-1003181705395
Ek Chatur Naar 2025,2006,-1003181705395
Ek Chatur Naar 2025,2007,-1003181705395
Demon Slayer Kimetsu No Yaiba Infinity Castle 2025,2008,-1003181705395
Demon Slayer Kimetsu No Yaiba Infinity Castle 2025,2009,-1003181705395
Demon Slayer Kimetsu No Yaiba Infinity Castle 2025,2010,-1003181705395
Demon Slayer Kimetsu No Yaiba Infinity Castle 2025,2011,-1003181705395
Demon Slayer Kimetsu No Yaiba Infinity Castle 2025,2012,-1003181705395
Love in Vietnam 2025,2013,-1003181705395
Love in Vietnam 2025,2014,-1003181705395
Love in Vietnam 2025,2015,-1003181705395
Love in Vietnam 2025,2016,-1003181705395
Love in Vietnam 2025,2017,-1003181705395
Lokah CH1: Chandra (2025),2018,-1003181705395
Lokah CH1: Chandra (2025),2019,-1003181705395
Lokah CH1: Chandra (2025),2020,-1003181705395
Lokah CH1: Chandra (2025),2021,-1003181705395
Superman (2025),2023,-1003181705395
Superman (2025),2024,-1003181705395
Superman (2025),2025,-1003181705395
Superman (2025),2026,-1003181705395
Superman (2025),2027,-1003181705395
Superman (2025),2028,-1003181705395
Superman (2025),2029,-1003181705395
Superman (2025),2030,-1003181705395
Superman (2025),2031,-1003181705395
Game Changer 2025,2032,-1003181705395
Game Changer 2025,2033,-1003181705395
Game Changer 2025,2034,-1003181705395
Game Changer 2025,2035,-1003181705395
Game Changer 2025,2036,-1003181705395
Game Changer 2025,2037,-1003181705395
Game Changer 2025,2038,-1003181705395
Game Changer 2025,2039,-1003181705395
Game Changer 2025,2040,-1003181705395
Game Changer 2025,2041,-1003181705395
Thammudu (2025),2044,-1003181705395
Thammudu (2025),2045,-1003181705395
Thammudu (2025),2046,-1003181705395
Thammudu (2025),2047,-1003181705395
Thammudu (2025),2048,-1003181705395
Titanic (1997),2060,-1003181705395
Titanic (1997),2061,-1003181705395
Titanic (1997),2062,-1003181705395
Titanic (1997),2063,-1003181705395
Titanic (1997),2064,-1003181705395
Titanic (1997),2065,-1003181705395
Titanic (1997),2066,-1003181705395
Titanic (1997),2067,-1003181705395
Fight Club (2023),2069,-1003181705395
Fight Club (2023),2070,-1003181705395
Fight Club (2023),2071,-1003181705395
Fight Club (2023),2072,-1003181705395
Fight Club (2023),2073,-1003181705395
Fight Club (2023),2074,-1003181705395
Fight Club (2023),2075,-1003181705395
Heer Express Threater Print (2025),2078,-1002831605258
Heer Express Threater Print (2025),2079,-1002831605258
Heer Express Threater Print (2025),2080,-1002831605258
Heer Express Threater Print (2025),2081,-1002831605258
Heer Express Threater Print (2025),2082,-1002831605258
Mahavatar Narsimha (2025),2084,-1003181705395
Mahavatar Narsimha (2025),2085,-1003181705395
Mahavatar Narsimha (2025),2086,-1003181705395
Mahavatar Narsimha (2025),2087,-1003181705395
Mahavatar Narsimha (2025),2088,-1003181705395
Mahavatar Narsimha (2025),2089,-1003181705395
Top Gear (2022),2111,-1003181705395
Top Gear (2022),2112,-1003181705395
Top Gear (2022),2113,-1003181705395
Top Gear (2022),2114,-1003181705395
Top Gear (2022),2115,-1003181705395
Operation Valentine (2024),2118,-1003181705395
Operation Valentine (2024),2119,-1003181705395
Operation Valentine (2024),2120,-1003181705395
Operation Valentine (2024),2121,-1003181705395
Operation Valentine (2024),2122,-1003181705395
Ayalaan (2024),2124,-1003181705395
Ayalaan (2024),2125,-1003181705395
Ayalaan (2024),2126,-1003181705395
Ayalaan (2024),2127,-1003181705395
Ayalaan (2024),2128,-1003181705395
Ayalaan (2024),2129,-1003181705395
Rasavathi (2024) Tamil,2132,-1003181705395
Rasavathi (2024) Tamil,2133,-1003181705395
Rasavathi (2024) Tamil,2134,-1003181705395
Rasavathi (2024) Tamil,2135,-1003181705395
Naadi Dosh (2022),2137,-1003181705395
Naadi Dosh (2022),2138,-1003181705395
Naadi Dosh (2022),2139,-1003181705395
Naadi Dosh (2022),2140,-1003181705395
Naadi Dosh (2022),2141,-1003181705395
Naadi Dosh (2022),2142,-1003181705395
Tuck Jagadish (2021),2144,-1003181705395
Tuck Jagadish (2021),2145,-1003181705395
Tuck Jagadish (2021),2146,-1003181705395
Tuck Jagadish (2021),2147,-1003181705395
Ante Sundaraniki (2022),2149,-1003181705395
Ante Sundaraniki (2022),2150,-1003181705395
Ante Sundaraniki (2022),2151,-1003181705395
Ante Sundaraniki (2022),2152,-1003181705395
Jolly LLB (2013),2154,-1003181705395
Jolly LLB (2013),2155,-1003181705395
Jolly LLB (2013),2156,-1003181705395
Jolly LLB (2013),2157,-1003181705395
Jolly LLB 2 (2017),2159,-1003181705395
Jolly LLB 2 (2017),2160,-1003181705395
Jolly LLB 2 (2017),2161,-1003181705395
Jolly LLB 2 (2017),2162,-1003181705395
Jolly LLB 2 (2017),2163,-1003181705395
Jolly LLB 3 (2025) Threater Print,2165,-1002831605258
Jolly LLB 3 (2025) Threater Print,2166,-1002831605258
Jolly LLB 3 (2025) Threater Print,2167,-1002831605258
Jolly LLB 3 (2025) Threater Print,2168,-1002831605258
Jolly LLB 3 (2025) Threater Print,2169,-1002831605258
Once upon a time in Hollywood (2019),2171,-1003181705395
Once upon a time in Hollywood (2019),2172,-1003181705395
Once upon a time in Hollywood (2019),2173,-1003181705395
Once upon a time in Hollywood (2019),2174,-1003181705395
Once upon a time in Hollywood (2019),2175,-1003181705395
Once upon a time in Hollywood (2019),2176,-1003181705395
Once upon a time in Hollywood (2019),2177,-1003181705395
Once upon a time in Hollywood (2019),2178,-1003181705395
The Bads of Bollywood S01 (2025),2182,-1003181705395
The Bads of Bollywood S01 (2025),2183,-1003181705395
The Bads of Bollywood S01 (2025),2184,-1003181705395
The Bads of Bollywood S01 (2025),2185,-1003181705395
They Call Him OG (2025),2187,-1003181705395
They Call Him OG (2025),2188,-1003181705395
They Call Him OG (2025),2189,-1003181705395
They Call Him OG (2025),2190,-1003181705395
They Call Him OG (2025),2191,-1003181705395
Alice in Borderland (2020) S01,2193,-1003181705395
Alice in Borderland (2020) S01,2194,-1003181705395
Alice in Borderland (2022) S02,2196,-1003181705395
Alice in Borderland (2022) S02,2197,-1003181705395
Alice in Borderland (2022) S02,2198,-1003181705395
Alice in Borderland (2025) S03,2200,-1003181705395
Alice in Borderland (2025) S03,2201,-1003181705395
Alice in Borderland (2025) S03,2202,-1003181705395
Alice in Borderland (2025) S03,2203,-1003181705395
Alice in Borderland (2025) S03,2204,-1003181705395
Jalwa (2025),2206,-1003181705395
Jalwa (2025),2207,-1003181705395
Jalwa (2025),2208,-1003181705395
Jalwa (2025),2209,-1003181705395
Ajey: The Untold Story of a Yogi (2025),2214,-1003181705395
Ajey: The Untold Story of a Yogi (2025),2215,-1003181705395
Ajey: The Untold Story of a Yogi (2025),2216,-1003181705395
Ajey: The Untold Story of a Yogi (2025),2217,-1003181705395
Ajey: The Untold Story of a Yogi (2025),2218,-1003181705395
Ajey: The Untold Story of a Yogi (2025),2219,-1003181705395
SAAS BAHU KI PATHSALA (2025),2221,-1003181705395
SAAS BAHU KI PATHSALA (2025),2222,-1003181705395
Janaawar The Beast Within (2025) S01,2224,-1003181705395
Janaawar The Beast Within (2025) S01,2225,-1003181705395
Janaawar The Beast Within (2025) S01,2226,-1003181705395
Janaawar The Beast Within (2025) S01,2227,-1003181705395
Janaawar The Beast Within (2025) S01,2228,-1003181705395
Madharaasi (2025),2231,-1003181705395
Madharaasi (2025),2232,-1003181705395
Madharaasi (2025),2233,-1003181705395
Madharaasi (2025),2234,-1003181705395
Madharaasi (2025),2235,-1003181705395
Madharaasi (2025),2236,-1003181705395
Margin Call (2011),2239,-1003181705395
Margin Call (2011),2240,-1003181705395
Margin Call (2011),2241,-1003181705395
Kantara: Chapter 1 (2025),2243,-1003181705395
Kantara: Chapter 1 (2025),2244,-1003181705395
Kantara: Chapter 1 (2025),2245,-1003181705395
Kantara: Chapter 1 (2025),2246,-1003181705395
Sunny Sanskari Ki Tulsi Kumari (2025),2249,-1003181705395
Sunny Sanskari Ki Tulsi Kumari (2025),2250,-1003181705395
Sunny Sanskari Ki Tulsi Kumari (2025),2251,-1003181705395
Sunny Sanskari Ki Tulsi Kumari (2025),2252,-1003181705395
Border 2 2026,41,-1002831605258
Border 2 2026,42,-1002831605258
Border 2 2026,43,-1002831605258
Border 2 2026,44,-1002831605258
GUYS BACKUP CHANNEL JOIN KARO,3,-1002964109368
Squid Game 2021,12,-1003614546520
Rangeen 2025 S01,51,-1003251791991
Rangeen 2025 S01,52,-1003251791991
Rangeen 2025 S01,53,-1003251791991
3BHK (2025),330,-1002337293281
3BHK (2025),331,-1002337293281
3BHK (2025),332,-1002337293281
3BHK (2025),333,-1002337293281
